{"output": "mPk", "sigma8": 0.9, "n_s": 1.0, "h": 0.7, "P_k_max_1/Mpc": 1000.0, "k_pivot": 0.05, "omega_b": 0.019599999999999996, "omega_cdm": 0.12739999999999999, "z_pk": 2, "non linear": "Halofit"}
